location_1,location_2
Alabama,Jefferson County
Alabama,Madison County
Alabama,Madison County
Alaska,Aleutians West Census Area
Arizona,Maricopa County
Arizona,Maricopa County
Arizona,Maricopa County
Arizona,Maricopa County
Arizona,Maricopa County
Arizona,Maricopa County
Arizona,Maricopa County
Arizona,Maricopa County
Arizona,Pima County
Arizona,Pima County
Arizona,Pima County
Arkansas,Ashley County
Arkansas,Bradley County
Arkansas,Polk County
Arkansas,Pulaski County
California,Alameda County
California,Alameda County
California,Alameda County
California,Alameda County
California,Alameda County
California,Alameda County
California,Alameda County
California,Alameda County
California,Alameda County
California,Alameda County
California,Alameda County
California,Alameda County
California,Alameda County
California,Alameda County
California,Alameda County
California,Alameda County
California,Alameda County
California,Alameda County
California,Contra Costa County
California,Contra Costa County
California,Contra Costa County
California,Contra Costa County
California,Contra Costa County
California,Contra Costa County
California,Contra Costa County
California,Contra Costa County
California,Fresno County
California,Humboldt County
California,Humboldt County
California,Humboldt County
California,Humboldt County
California,Humboldt County
California,Humboldt County
California,Humboldt County
California,Humboldt County
California,Los Angeles County
California,Los Angeles County
California,Los Angeles County
California,Los Angeles County
California,Los Angeles County
California,Los Angeles County
California,Los Angeles County
California,Los Angeles County
California,Los Angeles County
California,Los Angeles County
California,Los Angeles County
California,Los Angeles County
California,Los Angeles County
California,Los Angeles County
California,Los Angeles County
California,Los Angeles County
California,Los Angeles County
California,Los Angeles County
California,Los Angeles County
California,Los Angeles County
California,Los Angeles County
California,Los Angeles County
California,Los Angeles County
California,Los Angeles County
California,Los Angeles County
California,Los Angeles County
California,Los Angeles County
California,Los Angeles County
California,Marin County
California,Marin County
California,Marin County
California,Mendocino County
California,Merced County
California,Orange County
California,Orange County
California,Orange County
California,Orange County
California,Orange County
California,Orange County
California,Orange County
California,Orange County
California,Placer County
California,Riverside County
California,Riverside County
California,Riverside County
California,Riverside County
California,Riverside County
California,Riverside County
California,Riverside County
California,Sacramento County
California,Sacramento County
California,Sacramento County
California,Sacramento County
California,Sacramento County
California,Sacramento County
California,Sacramento County
California,San Benito County
California,San Bernardino County
California,San Bernardino County
California,San Bernardino County
California,San Bernardino County
California,San Diego County
California,San Diego County
California,San Diego County
California,San Diego County
California,San Francisco County
California,San Francisco County
California,San Francisco County
California,San Francisco County
California,San Francisco County
California,San Francisco County
California,San Francisco County
California,San Francisco County
California,San Francisco County
California,San Francisco County
California,San Francisco County
California,San Francisco County
California,San Francisco County
California,San Francisco County
California,San Francisco County
California,San Francisco County
California,San Francisco County
California,San Mateo County
California,San Mateo County
California,San Mateo County
California,San Mateo County
California,San Mateo County
California,San Mateo County
California,San Mateo County
California,San Mateo County
California,San Mateo County
California,San Mateo County
California,San Mateo County
California,San Mateo County
California,San Mateo County
California,San Mateo County
California,San Mateo County
California,San Mateo County
California,Santa Barbara County
California,Santa Barbara County
California,Santa Clara County
California,Santa Clara County
California,Santa Clara County
California,Santa Clara County
California,Santa Clara County
California,Santa Clara County
California,Santa Clara County
California,Santa Clara County
California,Santa Clara County
California,Santa Clara County
California,Santa Clara County
California,Santa Clara County
California,Santa Clara County
California,Santa Clara County
California,Santa Clara County
California,Santa Clara County
California,Santa Clara County
California,Santa Clara County
California,Santa Clara County
California,Santa Clara County
California,Santa Clara County
California,Santa Clara County
California,Santa Clara County
California,Santa Clara County
California,Santa Clara County
California,Santa Clara County
California,Santa Clara County
California,Santa Clara County
California,Santa Clara County
California,Santa Clara County
California,Santa Cruz County
California,Santa Cruz County
California,Santa Cruz County
California,Solano County
California,Solano County
California,Sonoma County
California,Sonoma County
California,Sonoma County
California,Ventura County
Colorado,Adams County
Colorado,Arapahoe County
Colorado,Boulder County
Colorado,Boulder County
Colorado,Denver County
Colorado,Denver County
Colorado,Garfield County
Colorado,Larimer County
Colorado,Larimer County
Colorado,Larimer County
Colorado,Larimer County
Colorado,Pitkin County
Connecticut,Fairfield County
Delaware,Kent County
Delaware,Kent County
District of Columbia,District of Columbia
District of Columbia,District of Columbia
District of Columbia,District of Columbia
District of Columbia,District of Columbia
District of Columbia,District of Columbia
District of Columbia,District of Columbia
District of Columbia,District of Columbia
Florida,Bradford County
Florida,Broward County
Florida,Collier County
Florida,Duval County
Florida,Duval County
Florida,Duval County
Florida,Hillsborough County
Florida,Hillsborough County
Florida,Lake County
Florida,Leon County
Florida,Manatee County
Florida,Marion County
Florida,Miami-Dade County
Florida,Miami-Dade County
Florida,Miami-Dade County
Florida,Orange County
Florida,Orange County
Florida,Orange County
Florida,Palm Beach County
Florida,Palm Beach County
Florida,Palm Beach County
Florida,Sarasota County
Florida,Seminole County
Florida,St. Johns County
Georgia,Clarke County
Georgia,Clarke County
Georgia,Clarke County
Georgia,Clarke County
Georgia,Clarke County
Georgia,Cobb County
Georgia,Cobb County
Georgia,Columbia County
Georgia,DeKalb County
Georgia,DeKalb County
Georgia,DeKalb County
Georgia,DeKalb County
Georgia,DeKalb County
Georgia,DeKalb County
Georgia,Fulton County
Georgia,Fulton County
Georgia,Fulton County
Georgia,Fulton County
Georgia,Fulton County
Georgia,Fulton County
Georgia,Gwinnett County
Georgia,Oglethorpe County
Georgia,Paulding County
Hawaii,Hawaii County
Illinois,Champaign County
Illinois,Champaign County
Illinois,Cook County
Illinois,Cook County
Illinois,Cook County
Illinois,Cook County
Illinois,Cook County
Illinois,Cook County
Illinois,Cook County
Illinois,Cook County
Illinois,Cook County
Illinois,Cook County
Illinois,Cook County
Illinois,Cook County
Illinois,Cook County
Illinois,Cook County
Illinois,DuPage County
Illinois,Kane County
Illinois,Kane County
Illinois,Lake County
Illinois,Lake County
Illinois,McHenry County
Illinois,Peoria County
Indiana,Clark County
Indiana,DeKalb County
Indiana,Hamilton County
Indiana,Jefferson County
Indiana,Lake County
Indiana,Marion County
Indiana,Marion County
Indiana,Monroe County
Indiana,Monroe County
Indiana,Tippecanoe County
Indiana,Tippecanoe County
Indiana,Tippecanoe County
Indiana,Vanderburgh County
Iowa,Dubuque County
Iowa,Linn County
Iowa,Pottawattamie County
Kansas,Douglas County
Kansas,Douglas County
Kansas,Douglas County
Kansas,Finney County
Kansas,Johnson County
Kansas,Johnson County
Kansas,Johnson County
Kansas,Johnson County
Kansas,Leavenworth County
Kansas,Leavenworth County
Kansas,Leavenworth County
Kansas,Leavenworth County
Kansas,Sedgwick County
Kansas,Sedgwick County
Kansas,Sedgwick County
Kansas,Sedgwick County
Kentucky,Woodford County
Kentucky,Woodford County
Louisiana,Caddo Parish
Louisiana,St. Tammany Parish
Maine,Cumberland County
Maine,Cumberland County
Maine,Cumberland County
Maine,York County
Maryland,Anne Arundel County
Maryland,Anne Arundel County
Maryland,Baltimore city
Maryland,Baltimore city
Maryland,Baltimore city
Maryland,Baltimore County
Maryland,Baltimore County
Maryland,Baltimore County
Maryland,Carroll County
Maryland,Carroll County
Maryland,Carroll County
Maryland,Carroll County
Maryland,Carroll County
Maryland,Cecil County
Maryland,Harford County
Maryland,Howard County
Maryland,Montgomery County
Maryland,Montgomery County
Maryland,Montgomery County
Maryland,Montgomery County
Maryland,Prince George's County
Maryland,Wicomico County
Massachusetts,Barnstable County
Massachusetts,Barnstable County
Massachusetts,Berkshire County
Massachusetts,Bristol County
Massachusetts,Bristol County
Massachusetts,Dukes County
Massachusetts,Essex County
Massachusetts,Essex County
Massachusetts,Essex County
Massachusetts,Essex County
Massachusetts,Hampden County
Massachusetts,Hampden County
Massachusetts,Hampshire County
Massachusetts,Hampshire County
Massachusetts,Middlesex County
Massachusetts,Middlesex County
Massachusetts,Middlesex County
Massachusetts,Middlesex County
Massachusetts,Middlesex County
Massachusetts,Middlesex County
Massachusetts,Middlesex County
Massachusetts,Middlesex County
Massachusetts,Middlesex County
Massachusetts,Middlesex County
Massachusetts,Middlesex County
Massachusetts,Middlesex County
Massachusetts,Middlesex County
Massachusetts,Middlesex County
Massachusetts,Middlesex County
Massachusetts,Middlesex County
Massachusetts,Middlesex County
Massachusetts,Middlesex County
Massachusetts,Middlesex County
Massachusetts,Middlesex County
Massachusetts,Middlesex County
Massachusetts,Middlesex County
Massachusetts,Middlesex County
Massachusetts,Middlesex County
Massachusetts,Middlesex County
Massachusetts,Middlesex County
Massachusetts,Middlesex County
Massachusetts,Middlesex County
Massachusetts,Middlesex County
Massachusetts,Middlesex County
Massachusetts,Middlesex County
Massachusetts,Middlesex County
Massachusetts,Middlesex County
Massachusetts,Middlesex County
Massachusetts,Middlesex County
Massachusetts,Nantucket County
Massachusetts,Nantucket County
Massachusetts,Norfolk County
Massachusetts,Norfolk County
Massachusetts,Norfolk County
Massachusetts,Norfolk County
Massachusetts,Norfolk County
Massachusetts,Plymouth County
Massachusetts,Plymouth County
Massachusetts,Plymouth County
Massachusetts,Plymouth County
Massachusetts,Suffolk County
Massachusetts,Suffolk County
Massachusetts,Suffolk County
Massachusetts,Suffolk County
Massachusetts,Suffolk County
Massachusetts,Suffolk County
Massachusetts,Worcester County
Massachusetts,Worcester County
Massachusetts,Worcester County
Michigan,Kent County
Michigan,Oakland County
Michigan,Oakland County
Michigan,Washtenaw County
Michigan,Washtenaw County
Michigan,Washtenaw County
Michigan,Washtenaw County
Michigan,Wayne County
Minnesota,Carver County
Minnesota,Dakota County
Minnesota,Hennepin County
Minnesota,Hennepin County
Minnesota,Hennepin County
Minnesota,Hennepin County
Minnesota,Hennepin County
Minnesota,Olmsted County
Minnesota,Ramsey County
Minnesota,Ramsey County
Missouri,Boone County
Missouri,Boone County
Missouri,Boone County
Missouri,Cape Girardeau County
Missouri,St. Charles County
Missouri,St. Francois County
Missouri,St. Louis city
Missouri,St. Louis city
Missouri,St. Louis city
Missouri,St. Louis city
Missouri,St. Louis County
Montana,Missoula County
Montana,Missoula County
Montana,Missoula County
Nebraska,Adams County
Nebraska,Adams County
Nebraska,Douglas County
Nebraska,Douglas County
Nebraska,Douglas County
Nebraska,Lancaster County
Nebraska,Lincoln County
Nevada,Churchill County
Nevada,Clark County
Nevada,Clark County
Nevada,Washoe County
New Hampshire,Grafton County
New Hampshire,Grafton County
New Hampshire,Hillsborough County
New Jersey,Bergen County
New Jersey,Burlington County
New Jersey,Burlington County
New Jersey,Cape May County
New Jersey,Essex County
New Jersey,Essex County
New Jersey,Essex County
New Jersey,Essex County
New Jersey,Hudson County
New Jersey,Hudson County
New Jersey,Monmouth County
New Jersey,Somerset County
New Mexico,Bernalillo County
New Mexico,Bernalillo County
New Mexico,Bernalillo County
New Mexico,Santa Fe County
New York,Albany County
New York,Albany County
New York,Cattaraugus County
New York,Erie County
New York,Kings County
New York,Madison County
New York,Monroe County
New York,New York County
New York,New York County
New York,New York County
New York,New York County
New York,Orange County
New York,Suffolk County
New York,Tompkins County
New York,Tompkins County
North Carolina,Cabarrus County
North Carolina,Durham County
North Carolina,Durham County
North Carolina,Forsyth County
North Carolina,Forsyth County
North Carolina,Forsyth County
North Carolina,Forsyth County
North Carolina,Guilford County
North Carolina,Guilford County
North Carolina,Guilford County
North Carolina,Mecklenburg County
North Carolina,Mecklenburg County
North Carolina,Mecklenburg County
North Carolina,Mecklenburg County
North Carolina,Mecklenburg County
North Carolina,Montgomery County
North Carolina,Onslow County
North Carolina,Union County
North Carolina,Wake County
North Carolina,Wake County
North Carolina,Wake County
North Carolina,Wake County
North Carolina,Wake County
North Carolina,Wake County
North Carolina,Wake County
North Carolina,Wake County
Ohio,Cuyahoga County
Ohio,Franklin County
Ohio,Franklin County
Ohio,Franklin County
Ohio,Franklin County
Ohio,Franklin County
Ohio,Franklin County
Ohio,Hamilton County
Ohio,Jefferson County
Ohio,Licking County
Ohio,Lorain County
Ohio,Mahoning County
Ohio,Portage County
Ohio,Summit County
Ohio,Summit County
Ohio,Trumbull County
Ohio,Trumbull County
Ohio,Trumbull County
Ohio,Trumbull County
Ohio,Trumbull County
Ohio,Warren County
Oklahoma,Canadian County
Oklahoma,Carter County
Oklahoma,Cleveland County
Oklahoma,Cleveland County
Oklahoma,Cleveland County
Oklahoma,Cleveland County
Oklahoma,Creek County
Oklahoma,Delaware County
Oklahoma,Kingfisher County
Oklahoma,McClain County
Oklahoma,Oklahoma County
Oklahoma,Oklahoma County
Oklahoma,Oklahoma County
Oklahoma,Oklahoma County
Oklahoma,Oklahoma County
Oklahoma,Oklahoma County
Oklahoma,Oklahoma County
Oklahoma,Oklahoma County
Oklahoma,Oklahoma County
Oklahoma,Payne County
Oklahoma,Pontotoc County
Oklahoma,Tulsa County
Oklahoma,Tulsa County
Oklahoma,Tulsa County
Oklahoma,Tulsa County
Oregon,Clackamas County
Oregon,Lincoln County
Oregon,Lincoln County
Oregon,Multnomah County
Oregon,Multnomah County
Oregon,Washington County
Oregon,Washington County
Oregon,Washington County
Pennsylvania,Adams County
Pennsylvania,Allegheny County
Pennsylvania,Allegheny County
Pennsylvania,Allegheny County
Pennsylvania,Allegheny County
Pennsylvania,Allegheny County
Pennsylvania,Allegheny County
Pennsylvania,Allegheny County
Pennsylvania,Allegheny County
Pennsylvania,Allegheny County
Pennsylvania,Allegheny County
Pennsylvania,Allegheny County
Pennsylvania,Allegheny County
Pennsylvania,Allegheny County
Pennsylvania,Allegheny County
Pennsylvania,Allegheny County
Pennsylvania,Allegheny County
Pennsylvania,Allegheny County
Pennsylvania,Allegheny County
Pennsylvania,Allegheny County
Pennsylvania,Allegheny County
Pennsylvania,Allegheny County
Pennsylvania,Allegheny County
Pennsylvania,Allegheny County
Pennsylvania,Allegheny County
Pennsylvania,Allegheny County
Pennsylvania,Allegheny County
Pennsylvania,Allegheny County
Pennsylvania,Allegheny County
Pennsylvania,Allegheny County
Pennsylvania,Allegheny County
Pennsylvania,Allegheny County
Pennsylvania,Allegheny County
Pennsylvania,Allegheny County
Pennsylvania,Allegheny County
Pennsylvania,Allegheny County
Pennsylvania,Allegheny County
Pennsylvania,Allegheny County
Pennsylvania,Allegheny County
Pennsylvania,Allegheny County
Pennsylvania,Allegheny County
Pennsylvania,Allegheny County
Pennsylvania,Allegheny County
Pennsylvania,Allegheny County
Pennsylvania,Armstrong County
Pennsylvania,Armstrong County
Pennsylvania,Armstrong County
Pennsylvania,Beaver County
Pennsylvania,Berks County
Pennsylvania,Chester County
Pennsylvania,Chester County
Pennsylvania,Chester County
Pennsylvania,Columbia County
Pennsylvania,Delaware County
Pennsylvania,Delaware County
Pennsylvania,Huntingdon County
Pennsylvania,Lackawanna County
Pennsylvania,Mercer County
Pennsylvania,Mifflin County
Pennsylvania,Montgomery County
Pennsylvania,Northampton County
Pennsylvania,Philadelphia County
Pennsylvania,Philadelphia County
Pennsylvania,Union County
Pennsylvania,Warren County
Pennsylvania,Washington County
Pennsylvania,Washington County
Pennsylvania,Washington County
Pennsylvania,Washington County
Pennsylvania,Washington County
Pennsylvania,Westmoreland County
Pennsylvania,Westmoreland County
Pennsylvania,Westmoreland County
Rhode Island,Providence County
South Carolina,Beaufort County
South Carolina,Beaufort County
South Carolina,Beaufort County
South Carolina,Charleston County
South Carolina,Charleston County
South Carolina,Charleston County
South Carolina,Dorchester County
South Carolina,Greenville County
South Carolina,Lexington County
South Carolina,Newberry County
South Carolina,Sumter County
South Dakota,Lincoln County
Tennessee,Blount County
Tennessee,Davidson County
Tennessee,Davidson County
Tennessee,Davidson County
Tennessee,Davidson County
Tennessee,Davidson County
Tennessee,Davidson County
Tennessee,Davidson County
Tennessee,Greene County
Tennessee,Greene County
Tennessee,Greene County
Tennessee,Greene County
Tennessee,Knox County
Tennessee,Knox County
Tennessee,Knox County
Tennessee,Rutherford County
Tennessee,Shelby County
Tennessee,Sullivan County
Tennessee,Williamson County
Texas,Bexar County
Texas,Bexar County
Texas,Bexar County
Texas,Brazoria County
Texas,Collin County
Texas,Comal County
Texas,Dallas County
Texas,Denton County
Texas,Fort Bend County
Texas,Harris County
Texas,Harris County
Texas,Harris County
Texas,Harris County
Texas,Harris County
Texas,Harris County
Texas,Harris County
Texas,Lubbock County
Texas,Tarrant County
Texas,Tarrant County
Texas,Tarrant County
Texas,Tarrant County
Texas,Tarrant County
Texas,Tarrant County
Texas,Tarrant County
Texas,Tarrant County
Texas,Travis County
Texas,Travis County
Texas,Travis County
Texas,Travis County
Texas,Travis County
Texas,Travis County
Utah,Salt Lake County
Utah,Salt Lake County
Utah,Salt Lake County
Utah,Salt Lake County
Utah,Summit County
Vermont,Chittenden County
Vermont,Chittenden County
Vermont,Chittenden County
Vermont,Chittenden County
Virginia,Albemarle County
Virginia,Albemarle County
Virginia,Albemarle County
Virginia,Albemarle County
Virginia,Albemarle County
Virginia,Albemarle County
Virginia,Albemarle County
Virginia,Albemarle County
Virginia,Albemarle County
Virginia,Albemarle County
Virginia,Albemarle County
Virginia,Albemarle County
Virginia,Albemarle County
Virginia,Albemarle County
Virginia,Albemarle County
Virginia,Albemarle County
Virginia,Albemarle County
Virginia,Albemarle County
Virginia,Albemarle County
Virginia,Albemarle County
Virginia,Albemarle County
Virginia,Albemarle County
Virginia,Albemarle County
Virginia,Albemarle County
Virginia,Albemarle County
Virginia,Albemarle County
Virginia,Albemarle County
Virginia,Albemarle County
Virginia,Albemarle County
Virginia,Albemarle County
Virginia,Albemarle County
Virginia,Albemarle County
Virginia,Albemarle County
Virginia,Albemarle County
Virginia,Albemarle County
Virginia,Albemarle County
Virginia,Albemarle County
Virginia,Albemarle County
Virginia,Albemarle County
Virginia,Albemarle County
Virginia,Albemarle County
Virginia,Albemarle County
Virginia,Albemarle County
Virginia,Albemarle County
Virginia,Albemarle County
Virginia,Albemarle County
Virginia,Albemarle County
Virginia,Albemarle County
Virginia,Albemarle County
Virginia,Albemarle County
Virginia,Albemarle County
Virginia,Albemarle County
Virginia,Albemarle County
Virginia,Albemarle County
Virginia,Albemarle County
Virginia,Albemarle County
Virginia,Albemarle County
Virginia,Albemarle County
Virginia,Albemarle County
Virginia,Albemarle County
Virginia,Albemarle County
Virginia,Albemarle County
Virginia,Albemarle County
Virginia,Albemarle County
Virginia,Albemarle County
Virginia,Albemarle County
Virginia,Albemarle County
Virginia,Albemarle County
Virginia,Arlington County
Virginia,Arlington County
Virginia,Arlington County
Virginia,Augusta County
Virginia,Charlottesville city
Virginia,Charlottesville city
Virginia,Charlottesville city
Virginia,Charlottesville city
Virginia,Charlottesville city
Virginia,Charlottesville city
Virginia,Charlottesville city
Virginia,Charlottesville city
Virginia,Charlottesville city
Virginia,Charlottesville city
Virginia,Charlottesville city
Virginia,Charlottesville city
Virginia,Charlottesville city
Virginia,Charlottesville city
Virginia,Charlottesville city
Virginia,Charlottesville city
Virginia,Charlottesville city
Virginia,Charlottesville city
Virginia,Charlottesville city
Virginia,Chesterfield County
Virginia,Fairfax County
Virginia,Fairfax County
Virginia,Fairfax County
Virginia,Fairfax County
Virginia,Fairfax County
Virginia,Fairfax County
Virginia,Fairfax County
Virginia,Fairfax County
Virginia,Fluvanna County
Virginia,Franklin County
Virginia,Franklin County
Virginia,Franklin County
Virginia,Giles County
Virginia,Goochland County
Virginia,Greene County
Virginia,Greene County
Virginia,Greene County
Virginia,Henrico County
Virginia,Isle of Wight County
Virginia,Loudoun County
Virginia,Loudoun County
Virginia,Louisa County
Virginia,Louisa County
Virginia,Madison County
Virginia,Montgomery County
Virginia,Montgomery County
Virginia,Montgomery County
Virginia,Montgomery County
Virginia,Montgomery County
Virginia,Montgomery County
Virginia,Montgomery County
Virginia,Montgomery County
Virginia,Montgomery County
Virginia,Montgomery County
Virginia,Montgomery County
Virginia,Montgomery County
Virginia,Montgomery County
Virginia,Nelson County
Virginia,Nelson County
Virginia,Nelson County
Virginia,Nelson County
Virginia,Poquoson city
Virginia,Prince William County
Virginia,Prince William County
Virginia,Pulaski County
Virginia,Richmond city
Virginia,Roanoke city
Virginia,Roanoke County
Virginia,Roanoke County
Virginia,Spotsylvania County
Virginia,Virginia Beach city
Virginia,Washington County
Virginia,Washington County
Virginia,Washington County
Virginia,Waynesboro city
Virginia,Wythe County
Washington,Benton County
Washington,King County
Washington,King County
Washington,King County
Washington,King County
Washington,King County
Washington,King County
Washington,King County
Washington,King County
Washington,King County
Washington,King County
Washington,King County
Washington,Kitsap County
Washington,Pierce County
Washington,Snohomish County
Washington,Snohomish County
Washington,Snohomish County
Washington,Snohomish County
Washington,Snohomish County
Washington,Whatcom County
West Virginia,Berkeley County
West Virginia,Berkeley County
West Virginia,Brooke County
West Virginia,Greenbrier County
West Virginia,Hancock County
West Virginia,Marshall County
West Virginia,Ohio County
West Virginia,Pocahontas County
West Virginia,Pocahontas County
West Virginia,Putnam County
Wisconsin,Dane County
Wisconsin,Dane County
Wisconsin,Dane County
Wisconsin,Portage County
